,City,Cloud Cover,Country,Date,Humidity,Latitude,Longitude,Maximum Temperature,Wind Speed (MPH)
0,Dikson,26,RU,0,94,73.51,80.55,41.162000000000056,2.66
1,Presidencia Roque Sáenz Peña,0,AR,1594896535,96,-26.79,-60.44,56.08399999999999,1.89
2,Ushuaia,0,AR,1594903538,79,-54.8,-68.3,28.4,4.1
3,Thompson,40,CA,1594894221,68,55.74,-97.86,66.2,2.6
4,Bredasdorp,0,ZA,1594964581,93,-34.53,20.04,39.2,2.6
5,Ponta do Sol,20,PT,1594966360,77,32.67,-17.1,68.0,2.1
6,Neuquén,75,AR,1594899998,70,-38.95,-68.06,46.4,1.5
7,Batagay-Alyta,100,RU,1594914944,82,67.8,130.41,46.70600000000003,1.27
8,Jamestown,90,US,1594893325,94,42.1,-79.24,73.00400000000005,1.5
9,Funadhoo,96,MV,1594947584,75,6.15,73.27,84.36200000000005,4.74
10,Rikitea,100,PF,1594914003,81,-23.12,-134.97,73.68800000000005,2.74
11,Mahina,75,PF,1594916896,69,-17.51,-149.49,82.4,2.1
12,Haines Junction,6,CA,1594901400,37,60.75,-137.51,68.99000000000002,4.01
13,Pevek,100,RU,0,98,69.7,170.31,38.78600000000007,1.51
14,Busselton,70,AU,1594941598,94,-33.65,115.33,51.00800000000001,7.89
15,Sakon Nakhon,40,TH,1594939087,100,17.16,104.15,89.99600000000005,2.6
16,Beyneu,46,KZ,1594946852,20,45.32,55.2,84.48800000000006,2.11
17,Constitución,100,CL,1594900504,89,-35.33,-72.42,52.71800000000009,4.12
18,Ribeira Grande,32,PT,1594968265,78,38.52,-28.7,69.0260000000001,5.66
19,Aksu,100,CN,1594941653,29,41.12,80.26,83.44400000000007,1.64
20,Mataura,45,NZ,1594930817,83,-46.19,168.86,39.00200000000008,1.34
21,Karratha,9,AU,1594939706,38,-20.74,116.85,74.53399999999999,1.88
22,Sitka,90,US,1594902702,72,57.05,-135.33,60.8,4.1
23,Pacific Grove,1,US,1594904509,72,36.62,-121.92,66.00200000000008,4.6
24,Lumeje,35,AO,1594961839,62,-11.55,20.78,55.04000000000002,4.72
25,Yellowknife,75,CA,1594894723,48,62.46,-114.35,69.00800000000001,1.5
26,Tasiilaq,1,GL,1594873307,72,65.61,-37.64,46.4,8.2
27,Geraldton,40,AU,1594941151,72,-28.77,114.6,59.0,7.7
28,Mar del Plata,0,AR,1594897332,86,-38.0,-57.56,48.992,1.0
29,Leningradskiy,92,RU,0,79,69.38,178.42,46.418000000000085,5.96
30,Bratsk,90,RU,1594932640,93,56.13,101.61,51.8,4.0
31,Hobart,20,AU,1594935349,70,-42.88,147.33,46.99400000000007,4.1
32,Hermanus,0,ZA,1594964760,88,-34.42,19.23,44.99600000000005,0.45
33,Fribourg,90,CH,1594958068,82,46.8,7.15,62.6,0.82
34,Kavajë,0,AL,1594956217,87,41.19,19.56,60.8,1.0
35,Naze,75,JP,1594931734,78,28.37,129.48,82.4,4.6
36,Hithadhoo,92,MV,1594948260,72,-0.6,73.08,84.2,4.15
37,Tual,13,ID,1594934411,84,-5.67,132.75,78.76400000000004,7.88
38,Grand Gaube,0,MU,1594953833,82,-20.01,57.66,66.00200000000008,1.79
39,Magistral'nyy,8,RU,1594931221,41,56.17,107.45,63.5,2.59
40,Coquimbo,18,CL,1594899531,93,-29.95,-71.34,50.0,2.1
41,Karpathos,0,GR,1594955312,69,35.51,27.21,75.2,13.4
42,Arraial do Cabo,75,BR,1594891685,82,-22.97,-42.03,64.4,2.1
43,Broome,90,US,1594892478,77,42.25,-75.83,73.00400000000005,4.1
44,Cape Town,0,ZA,1594964887,93,-33.93,18.42,46.99400000000007,2.6
45,Fortuna,40,US,1594904386,87,40.6,-124.16,62.99600000000005,6.2
46,Semey,1,KZ,1594939623,46,50.41,80.23,73.4,5.0
47,Dudinka,75,RU,0,76,69.41,86.18,50.0,8.0
48,Cherskiy,0,RU,0,44,68.75,161.3,57.866000000000014,3.96
49,Albany,100,US,1594891965,76,42.6,-73.97,71.99600000000005,4.87
50,Castro,100,BR,1594893802,92,-24.79,-50.01,55.274000000000015,1.8
51,Kiunga,97,PG,1594932403,79,-6.12,141.29,80.34800000000003,1.69
52,Provideniya,90,RU,1594993894,76,64.38,-173.3,53.6,2.0
53,Torbay,90,CA,1594885786,100,47.67,-52.73,48.992,8.2
54,Bluff,33,NZ,1594931028,83,-46.6,168.33,39.00200000000008,1.34
55,Longyearbyen,40,SJ,0,81,78.22,15.64,46.4,0.41
56,Chui,0,UY,1594895729,93,-33.7,-53.46,46.63399999999999,2.58
57,Acapulco de Juárez,90,MX,1594901679,94,16.86,-99.89,80.6,1.5
58,Mount Gambier,0,AU,1594936092,81,-37.83,140.77,46.4,4.6
59,Iskateley,39,RU,1594934145,78,67.68,53.15,49.64000000000002,3.54
60,Igbo-Ora,100,NG,1594964262,95,7.43,3.28,71.13200000000002,0.94
61,Safakulevo,0,RU,1594942451,74,54.99,62.54,71.2760000000001,2.85
62,Puerto Ayora,9,EC,1594901094,91,-0.74,-90.35,68.0,0.89
63,Kaitangata,16,NZ,1594930598,58,-46.28,169.85,46.99400000000007,4.47
64,Kavieng,10,PG,1594929789,65,-2.57,150.8,85.65800000000002,2.44
65,Butaritari,100,KI,1594923986,70,3.07,172.79,83.40800000000002,4.32
66,Hong Kong,97,HK,1594936131,76,22.29,114.16,89.00600000000003,1.79
67,Mahébourg,20,MU,1594953865,77,-20.41,57.7,69.80000000000001,3.1
68,Caucayá,68,CO,1594897305,86,-0.19,-74.78,71.79800000000003,0.29
69,Port Hedland,0,AU,1594939249,20,-20.32,118.57,73.4,3.6
70,Saskylakh,100,RU,0,68,71.92,114.08,49.766000000000005,7.4
71,Georgiyevka,0,KZ,1594942628,46,43.04,74.71,71.6,5.0
72,Kapaa,40,US,1594915384,70,22.08,-159.32,84.2,3.1
73,Lagoa,100,PT,1594968004,82,39.05,-27.98,68.684,5.55
74,Namwala,0,ZM,1594960891,78,-15.75,26.44,45.77000000000006,2.55
75,George Town,20,MY,1594941156,88,5.41,100.34,80.6,2.1
76,Havre-St-Pierre,90,CA,1594887749,67,50.23,-63.6,60.8,2.1
77,Atuona,3,PF,1594913628,77,-9.8,-139.03,79.7,7.78
78,Port Alfred,0,ZA,1594962809,42,-33.59,26.89,56.33600000000007,2.87
79,Whitehorse,40,CA,1594900826,52,60.72,-135.05,66.2,2.1
80,Lata,77,PT,1594963097,68,40.16,-8.33,75.00200000000008,1.46
81,Aksarka,8,RU,1594933209,68,66.56,67.8,56.19199999999999,3.15
82,Codrington,0,AU,1594935871,70,-38.27,141.97,53.096000000000046,3.35
83,Bonavista,100,CA,1594885639,77,48.65,-53.11,48.00200000000008,1.79
84,Carndonagh,100,IE,1594959129,93,55.25,-7.27,58.26200000000006,3.56
85,Nizwá,99,OM,1594949655,38,22.93,57.53,87.62000000000006,0.51
86,Vaini,40,TO,1595009836,74,-21.2,-175.2,78.80000000000001,3.6
87,Selkirk,40,CA,1594895767,53,50.14,-96.88,75.99199999999999,4.1
88,Barrow,90,US,0,69,71.29,-156.79,37.4,7.2
89,Necochea,39,AR,1594897700,79,-38.55,-58.74,46.18399999999999,3.98
90,Ankang,100,CN,1594936077,70,32.68,109.02,69.00800000000001,0.89
91,Buguda,8,IN,1594943451,75,19.82,84.8,83.96600000000001,0.38
92,Donghai,87,CN,1594935702,59,22.95,115.64,90.26600000000002,5.43
93,Alofi,40,NU,1594921957,65,-19.06,-169.92,82.4,5.1
94,Olafsvik,100,IS,1594957406,76,64.89,-23.71,48.236000000000075,13.13
95,Bhawānīgarh,0,IN,1594944323,54,30.27,76.03,89.29400000000007,5.35
96,Mossamedes,0,AO,1594964266,45,-15.2,12.15,69.31400000000004,2.89
97,Buraidah,0,SA,1594952512,25,26.33,43.98,86.0,2.1
98,Zhuhai,40,CN,1594936274,79,22.28,113.57,93.00200000000008,5.1
99,Punta Arenas,0,CL,1594903665,92,-53.15,-70.92,30.2,2.6
100,New Norfolk,0,AU,1594935396,86,-42.78,147.06,46.004000000000055,0.45
101,Khatanga,100,RU,0,73,71.97,102.5,46.70600000000003,8.99
102,Rio Grande,2,BR,1594895180,97,-32.03,-52.1,44.00600000000003,3.15
103,Katsuura,75,JP,1594928214,94,35.13,140.3,69.80000000000001,2.1
104,Lebu,100,CL,1594901134,90,-37.62,-73.65,52.736000000000075,9.07
105,Nantucket,75,US,1594891282,87,41.28,-70.1,60.00800000000001,2.6
106,Camaná,98,PE,1594898380,78,-16.62,-72.71,61.08800000000005,2.13
107,Departamento de Maldonado,0,UY,1594896213,100,-34.67,-54.92,48.992,2.1
108,Isangel,40,VU,1594927002,74,-19.55,169.27,80.6,3.1
109,Davila,99,PH,1594935006,73,18.47,120.58,86.36000000000008,4.34
110,Kruisfontein,0,ZA,1594963383,46,-34.0,24.73,47.08399999999999,2.15
111,Fairbanks,75,US,1594900687,59,64.84,-147.72,66.99199999999999,0.29
112,Marau,100,BR,1594894755,96,-28.45,-52.2,53.690000000000026,1.9
113,Nikolskoye,100,RU,1594948054,82,59.7,30.79,57.2,2.0
114,Hasaki,75,JP,1594927997,100,35.73,140.83,66.2,4.6
115,Hilo,1,US,1594914627,66,19.73,-155.09,84.2,3.6
116,Ilulissat,100,GL,0,76,69.22,-51.1,48.2,0.5
117,Sakakah,0,SA,1594952962,15,29.97,40.21,86.0,2.6
118,Quaraí,56,BR,1594896014,94,-30.39,-56.45,47.87600000000009,5.15
119,Bud,40,US,1594895466,83,39.45,-86.18,75.2,2.69
120,Tuktoyaktuk,20,CA,0,67,69.45,-133.04,57.2,6.2
121,Nanortalik,0,GL,1594879571,61,60.14,-45.24,48.72200000000004,2.75
122,Tougan,32,BF,1594965240,76,13.07,-3.07,77.95400000000006,3.5
123,Severo-Kuril'sk,100,RU,1594921321,85,50.68,156.12,54.608000000000004,0.62
124,Codajás,33,BR,1594894593,77,-3.84,-62.06,75.79400000000007,0.5
125,North Platte,1,US,1594898676,62,41.12,-100.77,84.2,4.1
126,Clyde River,1,CA,0,81,70.47,-68.59,46.4,3.1
127,Raudeberg,100,NO,1594952869,93,61.99,5.14,60.998000000000026,7.2
128,Port Hardy,90,CA,1594902950,82,50.7,-127.42,57.2,4.6
129,Pingxiang,72,CN,1594935580,56,27.62,113.85,91.25600000000003,3.39
130,Merauke,21,ID,1594932855,72,-8.47,140.33,80.85200000000009,5.72
131,Melenki,100,RU,1594947352,93,55.33,41.63,55.958000000000006,3.34
132,Saint Paul Harbor,90,US,1594906487,77,57.79,-152.41,60.8,4.1
133,Andenes,100,NO,0,93,69.31,16.12,53.6,3.6
134,Patea,94,NZ,1594928306,91,-39.76,174.48,53.99600000000005,1.79
135,Norman Wells,75,CA,1594895173,72,65.28,-126.83,68.0,5.1
136,Port-Gentil,100,GA,1594963704,84,-0.72,8.78,74.96600000000001,4.11
137,Praia,75,CV,1594969962,73,14.92,-23.51,77.0,4.6
138,Sioux Lookout,20,CA,1594894586,64,50.1,-91.92,69.80000000000001,4.6
139,College,75,US,1594900685,59,64.86,-147.8,66.99199999999999,1.5
140,Biltine,95,TD,1594959336,61,14.53,20.92,81.28399999999999,6.25
141,Trairi,0,BR,1594889071,77,-3.28,-39.27,78.29600000000005,4.67
142,Guía de Isora,20,ES,1594966869,83,28.21,-16.78,75.99199999999999,3.1
143,Saint George,1,US,1594902431,10,37.1,-113.58,102.992,5.7
144,Caohai,100,CN,1594937969,88,26.87,104.28,65.33600000000007,3.4
145,Marsh Harbour,52,BS,1594895116,75,26.54,-77.06,83.48000000000005,6.42
146,Port Elizabeth,0,ZA,1594963170,93,-33.92,25.57,42.8,1.0
147,Vigrestad,100,NO,1594954644,97,58.57,5.7,57.00200000000008,3.18
148,Srednekolymsk,100,RU,1594910603,86,67.45,153.68,45.878000000000064,3.23
149,Ostrovnoy,0,RU,0,61,68.05,39.51,51.26000000000008,2.12
150,Vardø,100,NO,0,84,70.37,31.11,53.312000000000054,2.5
151,Sambava,0,MG,1594955050,82,-14.27,50.17,68.45,4.65
152,Itarema,0,BR,1594889193,82,-2.92,-39.92,77.684,5.6
153,Sechura,0,PE,1594899257,77,-5.56,-80.82,63.95,6.06
154,Sapulpa,1,US,1594898407,59,36.0,-96.11,93.2,3.1
155,Aklavik,20,CA,0,51,68.22,-135.01,62.6,4.6
156,Lockport,1,US,1594895538,73,41.59,-88.06,78.80000000000001,2.1
157,Pokhara,99,NP,1594942675,87,28.23,83.98,72.75200000000008,0.51
158,San Patricio,75,MX,1594902585,74,19.22,-104.7,82.4,5.1
159,La Palma,1,US,1594903994,47,33.85,-118.05,80.00600000000003,3.6
160,Westport,1,US,1594892090,64,41.14,-73.36,69.80000000000001,4.1
161,Novobelokatay,0,RU,1594943050,77,55.71,58.95,72.734,1.29
162,Tautira,75,PF,1594916837,74,-17.73,-149.15,82.4,2.1
163,Portland,20,US,1594903071,47,45.52,-122.68,80.99600000000005,6.2
164,Alekseyevka,79,RU,1594949541,86,50.63,38.69,56.55200000000008,1.55
165,Hamilton,75,US,1594895115,74,39.18,-84.53,78.99800000000002,4.6
166,Viedma,100,AR,1594899086,94,-40.81,-63.0,44.99600000000005,0.89
167,Prince Rupert,90,CA,1594902532,82,54.32,-130.32,57.2,1.5
168,Mount Isa,90,AU,1594934270,20,-20.73,139.5,68.0,6.2
169,Forsytheganj,0,BY,1594951114,85,52.63,29.73,53.07800000000007,1.0
170,Bukachacha,100,RU,1594930060,92,52.98,116.92,63.320000000000064,0.88
171,Souillac,20,MU,1594953920,77,-20.52,57.52,69.80000000000001,3.1
172,São Lourenço da Mata,40,BR,1594888495,69,-8.0,-35.02,78.80000000000001,5.7
173,Emerald,0,AU,1594932491,37,-23.53,148.17,62.99600000000005,2.24
174,Popondetta,8,PG,1594930981,78,-8.75,148.25,83.60600000000002,1.67
175,Saint-Philippe,90,RE,1594954429,88,-21.36,55.77,66.2,2.6
176,Klaksvík,90,FO,1594955526,93,62.23,-6.59,50.0,7.7
177,Sinnamary,100,GF,1594891543,85,5.38,-52.95,78.60200000000009,4.12
178,Qaanaaq,39,GL,0,75,77.48,-69.36,43.483999999999995,1.66
179,Albufeira,0,PT,1594963584,57,37.09,-8.25,78.99800000000002,2.6
180,Buchanan,96,LR,1594967608,77,5.88,-10.05,75.00200000000008,2.33
181,Bethel,1,US,1594892060,72,41.37,-73.41,66.99199999999999,2.6
182,Narsaq,28,GL,1594879316,37,60.92,-46.05,55.400000000000006,3.6
183,Chernyshevskiy,0,RU,1594926333,51,63.01,112.47,64.04000000000002,4.28
184,Wanning,72,CN,1594937414,69,18.8,110.4,87.94400000000007,6.51
185,Bozdar Wada,40,PK,1594946488,74,27.18,68.64,86.0,3.1
186,Dingle,2,PH,1594935261,69,11.0,122.67,86.684,1.39
187,George,0,ZA,1594963922,65,-33.96,22.46,46.4,2.6
188,Ciudad Guayana,100,VE,1594893588,86,8.35,-62.65,76.62200000000004,2.69
189,Yulara,0,AU,1594936805,33,-25.24,130.99,57.2,4.6
190,East London,0,ZA,1594962488,36,-33.02,27.91,57.038000000000046,1.82
191,Hobyo,100,SO,1594953597,69,5.35,48.53,77.50400000000005,10.07
192,Cap Malheureux,2,MU,1594953842,82,-19.98,57.61,66.00200000000008,1.34
193,Wellington,23,NZ,1594928487,76,-41.29,174.78,53.99600000000005,8.2
194,Carnarvon,40,AU,1594940929,100,-24.87,113.63,62.6,7.2
195,Comodoro Rivadavia,90,AR,1594901094,93,-45.87,-67.5,41.0,4.6
196,Cidreira,100,BR,1594894490,91,-30.18,-50.21,57.72200000000004,8.73
197,Maputo,0,MZ,1594960499,81,-25.97,32.59,53.00600000000003,3.1
198,Saint Anthony,1,US,1594896102,51,45.02,-93.22,82.4,4.6
199,São Filipe,39,CV,1594970201,82,14.9,-24.5,75.00200000000008,1.7
200,Manzanillo,97,CU,1594895843,77,20.34,-77.12,78.99800000000002,3.0
201,Cartagena,99,CO,1594896476,86,10.4,-75.51,79.66400000000004,6.18
202,Hervey Bay,0,AU,1594931566,45,-25.3,152.85,66.99199999999999,3.13
203,Saint-Pierre,90,RE,1594954496,88,-21.34,55.48,66.2,2.6
204,Saint-Augustin,15,CA,1594886282,53,51.23,-58.65,64.09400000000008,4.88
205,Macas,21,EC,1594898306,80,-2.32,-78.12,64.958,1.0
206,Samoded,100,RU,1594943155,98,63.61,40.51,48.95600000000003,2.19
207,Carquefou,0,FR,1594960029,87,47.3,-1.49,59.0,2.1
208,Kavaratti,100,IN,1594947312,81,10.57,72.64,83.24600000000005,8.31
209,Nome,90,US,1594905290,77,64.5,-165.41,60.00800000000001,5.1
210,Kiryat Gat,2,IL,1594954053,68,31.61,34.76,75.00200000000008,2.08
211,Ketchikan,90,US,1594902489,87,55.34,-131.65,60.8,5.1
212,Chinsali,3,ZM,1594959031,78,-10.54,32.08,48.41600000000001,4.05
213,Ayan,100,RU,1594923730,94,56.45,138.17,55.09400000000008,3.59
214,Port Augusta,0,AU,1594936061,42,-32.5,137.77,62.6,5.1
215,Puerto Princesa City,99,PH,1594936327,68,9.74,118.74,85.62200000000004,3.17
216,Tuatapere,64,NZ,1594931088,83,-46.13,167.68,39.00200000000008,1.34
217,Arlit,16,NE,1594962149,41,18.74,7.39,88.44800000000004,3.41
218,Matadi,88,CD,1594963057,78,-5.82,13.45,73.11200000000005,2.33
219,Santiago,75,CL,1594899821,93,-33.46,-70.65,46.4,0.77
220,Srandakan,0,ID,1594940024,63,-7.94,110.25,82.50800000000001,1.79
221,Faanui,6,PF,1594917334,80,-16.48,-151.75,77.73800000000006,4.54
222,Bambous Virieux,20,MU,1594953844,77,-20.34,57.76,69.80000000000001,3.1
223,Kaeo,100,NZ,1594927775,3,-35.1,173.78,60.998000000000026,4.47
224,Khudumelapye,0,BW,1594962145,68,-23.88,24.75,37.88600000000007,2.59
225,Marshall,1,US,1594896301,69,34.38,-86.33,84.00200000000008,1.5
226,Broken Hill,0,AU,1594935111,44,-31.95,141.43,57.2,3.1
227,Fort Nelson,90,CA,1594898874,100,58.81,-122.7,59.0,1.5
228,Cayenne,100,GF,1594891436,100,4.93,-52.33,77.0,1.0
229,Warrington,13,GB,1594958637,82,53.39,-2.58,62.99600000000005,1.5
230,Yerbogachën,99,RU,1594928597,73,61.28,108.01,55.58000000000004,4.47
231,San Vicente,64,AR,1594895001,100,-26.62,-54.13,58.62200000000004,0.89
232,Amahai,100,ID,1594935112,77,-3.33,128.92,81.19400000000007,1.85
233,Areosa,21,PT,1594962945,69,41.72,-8.86,80.99600000000005,2.1
234,Changde,100,CN,1594935921,88,29.05,111.68,79.89800000000002,1.59
235,Anadyr,40,RU,1594909153,82,64.75,177.48,55.400000000000006,7.0
236,Lalibela,76,ET,1594955237,90,12.03,39.03,56.87600000000009,0.41
237,Jodhpur,0,IN,1594945542,57,26.29,73.03,91.65200000000007,0.65
238,Boca do Acre,0,BR,1594896337,71,-8.75,-67.4,75.48800000000006,0.96
239,Bathsheba,40,BB,1594892359,74,13.22,-59.52,82.4,6.7
240,Rørvik,100,NO,1594949029,88,64.86,11.24,55.88600000000007,1.51
241,Chingirlau,100,KZ,1594945717,78,51.09,54.08,73.184,5.62
242,Topeka,1,US,1594897815,74,39.05,-95.68,82.4,2.6
243,Falun,0,SE,1594951206,100,60.6,15.63,53.6,1.04
244,Tūkrah,0,LY,1594957332,75,32.53,20.58,74.69600000000005,1.88
245,Chekhov,75,RU,1594948420,87,55.14,37.47,57.2,3.0
246,Richards Bay,0,ZA,1594960961,74,-28.78,32.04,52.37600000000009,1.59
247,Upernavik,94,GL,0,75,72.79,-56.15,44.312000000000054,1.62
248,Khovd,0,MN,1594937494,37,48.01,91.64,65.93000000000004,1.45
249,Avarua,99,CK,1594919750,69,-21.21,-159.78,73.4,4.6
250,Cabo San Lucas,5,MX,1594903431,39,22.89,-109.91,86.0,4.1
251,Iqaluit,75,CA,1594882680,71,63.75,-68.51,50.0,2.1
252,Sciacca,0,IT,1594958393,87,37.51,13.09,69.00800000000001,1.79
253,Tynda,1,RU,1594927448,45,55.17,124.72,82.67000000000007,2.53
254,Matara,100,LK,1594945858,88,5.95,80.54,79.808,3.55
255,Coahuayana Viejo,69,MX,1594902392,83,18.73,-103.68,80.87000000000006,0.77
256,Gorno-Altaysk,0,RU,1594937811,68,51.96,85.95,69.94400000000007,1.0
257,Abbeville,56,FR,1594958538,81,50.1,1.83,60.998000000000026,2.03
258,Corpus Christi,20,US,1594899845,70,27.8,-97.4,86.0,5.1
259,Maribo,0,DK,1594954788,91,54.78,11.5,60.998000000000026,2.81
260,Mt. Pleasant,1,US,1594894975,88,32.79,-79.86,82.99400000000009,3.05
261,Asău,24,RO,1594953528,93,46.43,26.4,53.99600000000005,1.94
262,Beringovskiy,98,RU,1594910229,84,63.05,179.32,51.602000000000075,2.0
263,Apatou,100,GF,1594891900,94,5.16,-54.35,73.94000000000003,1.39
264,Moose Factory,20,CA,1594891548,53,51.26,-80.61,75.2,9.8
265,Lompoc,8,US,1594904458,68,34.64,-120.46,68.0,5.1
266,Polovinnoye,0,RU,1594941693,67,54.79,65.99,69.98000000000005,3.01
267,Hoquiam,75,US,1594903038,82,46.98,-123.89,64.99400000000009,5.7
268,Tuy Hoa,0,VN,1594938265,61,13.08,109.3,87.74600000000005,1.79
269,Tonantins,90,BR,1594895880,75,-2.87,-67.8,75.93800000000005,0.53
270,Same,53,TZ,1594957067,76,-4.07,37.73,57.70400000000005,1.7
271,Avera,1,US,1594895560,74,33.19,-82.53,82.4,2.1
272,Muğla Province,0,TR,1594954771,52,37.23,28.36,69.80000000000001,2.1
273,Tchibanga,97,GA,1594963361,94,-2.85,11.03,66.92000000000007,1.38
274,Hirara,75,JP,1594933175,89,24.8,125.28,86.0,8.2
275,Mohān,40,IN,1594943646,89,26.78,80.68,84.2,2.1
276,Maraã,80,BR,1594895200,90,-1.83,-65.37,74.03000000000004,0.87
277,Berlevåg,95,NO,0,85,70.86,29.09,52.196000000000055,0.92
278,Redmond,42,US,1594902452,68,47.67,-122.12,75.00200000000008,3.87
279,Meulaboh,69,ID,1594942286,82,4.14,96.13,80.72600000000008,1.45
280,Kovūr,100,IN,1594945163,68,14.48,79.98,84.81200000000007,2.47
281,Bandarbeyla,90,SO,1594952656,58,9.49,50.81,81.26600000000002,13.84
282,La Rioja,45,ES,1594961320,82,42.25,-2.5,59.0,4.6
283,Vestmannaeyjar,100,IS,1594957911,87,63.44,-20.27,51.35,4.13
284,Cabedelo,28,BR,1594888353,94,-6.98,-34.83,73.4,3.6
285,Sabha,0,LY,1594959520,20,27.04,14.43,85.78399999999999,6.1
286,Te Anau,58,NZ,1594930936,59,-45.42,167.72,44.582000000000015,0.2
287,Muroto-misakicho,75,JP,1594929959,83,33.28,134.15,77.0,2.1
288,Manggar,86,ID,1594940026,79,-2.88,108.27,82.94000000000003,5.53
289,Mīnāb,40,IR,1594949267,49,27.15,57.08,89.6,2.1
290,Nkhata Bay,8,MW,1594958603,64,-11.61,34.29,64.4,8.4
291,Chokurdakh,79,RU,0,63,70.63,147.92,49.73000000000005,2.53
292,Lima,90,PE,1594898964,87,-12.04,-77.03,59.0,3.6
293,Newport,0,GB,1594959285,92,51.59,-3.0,60.998000000000026,2.63
294,Destin,1,US,1594896896,74,30.39,-86.5,84.2,2.06
295,Lloydminster,75,CA,1594897996,60,53.28,-110.0,73.4,5.7
296,Ransang,100,PH,1594936680,65,8.96,117.58,85.64000000000001,0.59
297,Langsa,27,ID,1594941813,82,4.47,97.97,81.1760000000001,1.45
298,Wągrowiec,52,PL,1594954068,95,52.81,17.2,57.00200000000008,1.34
299,Ixtapa,90,MX,1594902544,83,20.7,-105.2,80.6,6.2
300,Lokosovo,25,RU,1594936667,59,61.13,74.82,62.150000000000006,3.04
301,Ancud,90,CL,1594901862,100,-41.87,-73.82,51.00800000000001,5.1
302,Ambilobe,23,MG,1594955214,86,-13.2,49.05,65.67800000000007,1.31
303,Bereda,100,ES,1594962336,100,43.27,-7.54,59.0,4.47
304,Marawi,84,PH,1594935162,78,8.0,124.29,82.99400000000009,2.24
305,Aykhal,40,RU,1594923538,55,66.0,111.5,64.4,4.0
306,Tumaco,99,CO,1594898089,87,1.8,-78.82,77.52200000000005,1.73
307,Moyo,100,UG,1594957791,98,3.66,31.72,64.00400000000005,0.3
308,Kaka,46,TM,1594947248,40,37.35,59.61,83.78600000000007,2.92
309,Walvis Bay,0,NA,1594964502,14,-22.96,14.51,73.99400000000009,11.3
310,Mpika,63,ZM,1594959305,79,-11.83,31.45,46.43600000000007,4.9
311,Iquique,90,CL,1594898135,72,-20.22,-70.14,60.8,2.6
312,Zhigansk,15,RU,1594919454,49,66.77,123.37,69.17000000000007,4.81
313,Hofn,98,IS,1594955991,86,64.25,-15.21,51.49400000000007,9.74
314,Sadon,0,RU,1594950040,93,42.85,44.0,62.6,3.0
315,Djambala,100,CG,1594962440,85,-2.54,14.75,69.06200000000007,2.18
316,Chimoré,100,BO,1594896598,70,-16.98,-65.13,76.38800000000005,0.5
317,Demerval Lobão,41,BR,1594890084,65,-5.36,-42.68,80.6,2.28
318,Tāybād,2,IR,1594947365,38,34.74,60.78,78.47600000000008,7.29
319,Cockburn Town,67,TC,1594894284,78,21.46,-71.14,83.03000000000004,8.15
320,Turaif,0,SA,1594953109,47,31.67,38.66,75.2,4.1
321,Paamiut,0,GL,1594879503,75,61.99,-49.67,45.788000000000046,6.4
322,Oliveira dos Brejinhos,0,BR,1594890800,63,-12.32,-42.9,68.18000000000004,3.88
323,Bethanien,0,NA,1594964263,49,-26.5,17.16,46.16600000000001,3.42
324,Okhotsk,100,RU,1594921180,83,59.38,143.3,58.13600000000007,3.81
325,Bikaner,37,IN,1594945266,46,28.02,73.3,94.87400000000002,4.9
326,Zhangaözen,0,KZ,1594947839,23,43.3,52.8,81.42800000000007,3.72
327,Mmabatho,0,ZA,1594962156,49,-25.85,25.63,32.0,1.5
328,Little Current,1,CA,1594893182,89,45.98,-81.92,64.99400000000009,2.3
329,Tiksi,99,RU,0,81,71.69,128.87,39.48800000000004,10.47
330,Bumba,100,CD,1594960149,95,2.18,22.47,70.55600000000004,0.92
331,Tessalit,0,ML,1594963525,29,20.2,1.01,88.142,3.04
332,San Juan,0,AR,1594899061,48,-31.54,-68.54,50.37800000000007,1.31
333,Rozivka,100,UA,1594951163,58,46.94,35.77,65.57000000000006,3.54
334,Kenai,20,US,1594904821,72,60.55,-151.26,68.0,6.2
335,Mikhaylovka,90,RU,1594948602,74,50.06,43.24,61.141999999999996,2.17
336,Truth or Consequences,46,US,1594901504,24,33.13,-107.25,89.99600000000005,6.71
337,Kahului,40,US,1594914832,52,20.89,-156.47,89.6,8.2
338,Lusambo,81,CD,1594960578,47,-4.97,23.45,68.99000000000002,0.96
339,Diffa,19,NE,1594961451,64,13.32,12.61,79.808,4.91
340,Boone,1,US,1594897014,65,39.03,-92.33,82.99400000000009,2.6
341,Sungai Penuh,71,ID,1594941605,86,-2.08,101.38,71.042,0.33
342,Bengkulu,15,ID,1594941551,78,-3.8,102.27,81.05000000000001,2.11
343,Simões,8,BR,1594889849,74,-7.6,-40.82,70.7,5.87
344,Maţāy,0,EG,1594955424,74,28.42,30.78,68.45,4.55
345,Dhidhdhoo,97,MV,1594947555,75,6.88,73.1,84.21800000000009,5.97
346,George Town,20,MY,1594941156,88,5.41,100.34,82.4,2.1
347,Hutchinson,1,US,1594898519,62,38.06,-97.93,84.2,3.1
348,Stornoway,99,GB,1594957716,81,58.21,-6.39,53.6,4.1
349,Pemberton,90,CA,1594901944,68,50.32,-122.8,66.2,2.6
350,Saldanha,0,ZA,1594964879,75,-33.01,17.94,44.6,1.0
351,Thabazimbi,0,ZA,1594961586,61,-24.59,27.41,39.41600000000001,0.06
352,Ternate,2,ID,1594935092,68,0.8,127.4,83.75,1.24
353,Belyye Berega,13,RU,1594949748,96,53.21,34.66,50.0,1.58
354,Luganville,90,VU,1594927097,78,-15.53,167.17,80.6,2.6
355,Los Llanos de Aridane,20,ES,1594967086,77,28.66,-17.92,69.80000000000001,4.1
356,Tyukhtet,15,RU,1594935436,78,56.54,89.3,61.196000000000055,3.47
357,Bayir,0,TR,1594954798,52,37.27,28.22,68.0,2.1
358,Wajir,100,KE,1594955967,63,1.75,40.06,70.66400000000004,4.45
359,Roebourne,0,AU,1594939643,34,-20.78,117.13,74.3180000000001,1.99
360,Safonovo,56,RU,1594949438,95,55.15,33.22,49.98200000000001,1.29
361,Vanimo,22,PG,1594932079,73,-2.67,141.3,83.96600000000001,1.1
362,Hove,100,GB,1594958820,78,50.83,-0.17,64.99400000000009,0.89
363,Paita,9,PE,1594899282,84,-5.09,-81.11,62.51000000000008,5.02
364,Guantánamo,75,CU,1594895406,74,20.14,-75.21,86.0,4.6
365,Kalabo,0,ZM,1594961716,75,-14.97,22.68,48.434,3.37
366,Kampong Thom,24,KH,1594939361,77,12.71,104.89,84.56000000000009,3.79
367,Alekseyevsk,3,RU,1594930311,43,57.84,108.35,64.09400000000008,4.84
368,Senanga,0,ZM,1594961689,68,-16.12,23.27,46.65200000000008,2.92
369,Havøysund,100,NO,0,76,71.0,24.66,55.400000000000006,1.5
370,Rocha,0,UY,1594896045,92,-34.48,-54.33,43.43000000000004,2.43
371,Yenagoa,100,NG,1594963784,96,4.92,6.26,71.9600000000001,0.73
372,Port Blair,99,IN,1594942377,83,11.67,92.75,80.924,6.02
373,Singaraja,0,ID,1594938878,58,-8.11,115.09,83.58800000000005,2.35
374,Port-Cartier,75,CA,1594888588,63,50.03,-66.87,62.99600000000005,3.6
375,Sobolevo,58,RU,1594950008,92,54.43,31.9,51.242,2.59
376,Sørland,100,NO,1594943961,85,67.67,12.69,56.21000000000008,5.36
377,Puerto Madero,75,MX,1594900106,83,14.72,-92.42,82.4,2.6
378,Alexandria,0,EG,1594955258,66,31.22,29.96,77.54000000000002,5.62
379,Manaure,0,CO,1594895604,75,11.78,-72.44,81.608,7.28
380,Iringa,5,TZ,1594957900,62,-7.77,35.7,55.400000000000006,5.1
381,Mendoza,10,AR,1594899307,61,-32.89,-68.83,46.4,1.0
382,Kungurtug,84,RU,1594935418,43,50.6,97.52,59.522000000000034,1.58
383,Airai,0,TL,1594936479,61,-8.93,125.41,71.29400000000007,1.59
384,Visby,0,SE,1594952037,93,57.64,18.3,55.99400000000007,2.1
385,San Quintín,0,MX,1594903955,78,30.48,-115.95,68.45,6.34
386,Shizunai-furukawachō,33,JP,1594926515,74,42.33,142.37,65.46200000000006,1.68
387,Salta,1,AR,1594897497,76,-24.79,-65.41,51.8,4.1
388,Arona,20,ES,1594966859,83,28.1,-16.68,75.99199999999999,3.1
389,Rome,90,US,1594892205,83,43.21,-75.46,69.80000000000001,4.6
390,Colomiers,100,FR,1594960132,77,43.62,1.35,66.2,4.6
391,Kalamb,100,IN,1594946138,91,19.05,73.95,72.82400000000001,3.2
392,Urucará,100,BR,1594893440,95,-2.54,-57.76,73.56200000000007,1.06
393,Amapá,93,BR,1594891726,96,1.0,-52.0,71.38399999999999,0.92
394,Nānākuli,20,US,1594915180,62,21.39,-158.15,89.6,5.1
395,Laas,90,IT,1594957256,93,46.62,10.7,51.8,2.6
396,Zhezkazgan,0,KZ,1594943291,33,47.8,67.71,76.85600000000002,7.28
397,Blagoyevo,7,RU,1594941570,90,63.37,47.92,52.71800000000009,2.09
398,Yarkovo,0,RU,1594940419,72,57.4,67.08,74.28200000000001,1.59
399,Rubtsovsk,23,RU,1594939074,56,51.5,81.25,71.834,9.9
400,Izumo,75,JP,1594929986,78,35.37,132.77,77.0,6.7
401,Adrar,64,MR,1594966152,30,20.5,-10.07,86.97200000000004,3.42
402,Caravelas,29,BR,1594890461,75,-17.71,-39.25,71.31200000000007,3.71
403,Río Gallegos,90,AR,1594902834,92,-51.62,-69.22,17.6,0.5
404,Chara,100,RU,1594928327,72,56.91,118.26,62.63600000000007,2.77
405,Noumea,0,NC,1594927966,38,-22.28,166.46,77.0,4.6
406,Mabaruma,94,GY,1594892913,96,8.2,-59.78,74.91200000000006,1.28
407,Krutinka,0,RU,1594939918,74,56.01,71.51,69.54800000000003,1.24
408,Shimoda,75,JP,1594928606,94,34.67,138.95,68.0,6.2
409,Pahrump,0,US,1594903146,9,36.21,-115.98,102.00200000000008,3.13
410,Lincoln,71,US,1594897749,75,40.8,-96.67,82.00400000000005,0.45
411,Xam Nua,85,LA,1594938767,58,20.42,104.04,80.924,1.63
412,Altamont,1,US,1594903511,22,42.21,-121.74,89.6,7.7
413,Horsham,100,GB,1594958795,72,51.06,-0.33,66.2,0.5
414,Huarmey,10,PE,1594899043,85,-10.07,-78.15,60.26000000000008,3.27
415,Esperance,75,AU,1594940052,100,-33.87,121.9,57.2,3.6
416,Mollendo,100,PE,1594898253,78,-17.02,-72.01,59.82800000000007,1.18
417,Udachny,40,RU,1594922697,55,66.42,112.4,64.4,4.0
418,Yangi Marg`ilon,100,UZ,1594943827,29,40.43,71.72,78.80000000000001,1.0
419,Hay River,75,CA,1594896140,72,60.82,-115.8,60.8,5.7
420,Pangnirtung,44,CA,1594879318,31,66.15,-65.71,64.00400000000005,1.5
421,Tignère,100,CM,1594962019,96,7.37,12.65,63.608000000000004,0.73
422,Bonthe,100,SL,1594968043,80,7.53,-12.51,76.11800000000008,2.8
423,Thai Binh,20,VN,1594938214,66,20.45,106.33,91.4,4.6
424,Kamenka,74,RU,1594948368,79,51.32,42.77,55.004000000000055,0.66
425,Nishihara,75,JP,1594932416,94,26.18,127.76,78.80000000000001,4.6
426,Rapid Valley,1,US,1594898685,34,44.06,-103.15,84.2,4.6
427,Vostok,0,RU,1594927221,50,46.49,135.88,79.52000000000007,2.23
428,Beibei,90,CN,1594937081,100,29.83,106.43,75.99199999999999,2.0
429,São João da Barra,91,BR,1594891305,71,-21.64,-41.05,67.892,2.25
430,Chul'man,0,RU,1594926754,44,56.85,124.91,81.12200000000004,3.03
431,Port Lincoln,0,AU,1594936818,48,-34.73,135.87,61.268000000000086,6.22
432,Nehe,62,CN,1594929408,35,48.48,124.83,93.68600000000006,6.86
433,Makkah al Mukarramah,1,SA,1594954071,34,21.43,39.83,80.56400000000004,2.89
434,Juegang,100,CN,1594933205,89,32.32,121.19,73.00400000000005,5.63
435,Singkang,20,MY,1594940876,83,2.1,102.8,80.6,1.0
436,Ruteng,0,ID,1594937634,69,-8.61,120.47,72.55400000000006,0.75
437,Iracoubo,99,GF,1594891593,86,5.48,-53.2,78.33200000000002,4.15
438,Piney Green,1,US,1594894088,69,34.72,-77.32,82.4,3.6
439,Samarai,94,PG,1594930578,84,-10.62,150.67,76.24400000000009,7.42
440,Gimbi,100,ET,1594956283,100,9.17,35.83,55.184,0.65
441,Domat,100,CH,1594957509,98,46.83,9.45,51.998000000000026,0.45
442,Stephenville,1,US,1594899458,36,32.22,-98.2,93.00200000000008,4.1
443,Kattivākkam,75,IN,1594945208,88,13.22,80.32,80.6,1.5
444,Krasnoyarsk,49,RU,1594934805,77,56.01,92.79,66.2,6.0
445,Jaisalmer,59,IN,1594945974,56,26.91,70.92,91.02200000000005,2.31
446,Takoradze,46,GH,1594965713,90,4.88,-1.76,73.86800000000008,4.07
447,Maragogi,61,BR,1594888639,78,-9.01,-35.22,74.49800000000002,4.42
448,Saint-Estève,75,FR,1594959951,60,42.71,2.84,69.99800000000002,5.7
449,Jinxiang,96,CN,1594935698,67,22.86,115.7,88.12400000000002,5.41
450,Kimbe,99,PG,1594930226,74,-5.55,150.14,85.78399999999999,1.58
451,Belyy Yar,40,RU,1594935995,77,53.6,91.39,64.4,2.0
452,Muros,97,ES,1594962795,61,42.78,-9.06,66.00200000000008,4.02
453,Bustamante,0,MX,1594900745,48,26.53,-100.5,88.05200000000008,7.01
454,Pocrí,99,PA,1594897892,79,8.27,-80.55,77.07200000000003,4.63
455,Hoa Binh,75,VN,1594938413,66,20.81,105.34,89.6,4.1
456,Juba,100,SS,1594957713,94,4.85,31.58,69.72800000000007,1.51
457,Ranong,20,TH,1594941131,94,9.97,98.63,82.4,0.61
458,Rawson,100,AR,1594900025,81,-43.3,-65.1,43.17800000000007,4.24
459,Ampanihy,0,MG,1594957438,84,-24.7,44.75,55.292,3.35
460,Henties Bay,0,NA,1594964466,18,-22.12,14.28,73.99400000000009,0.45
461,Kolda,82,SN,1594968111,96,12.88,-14.95,74.03000000000004,1.55
462,Kuching,20,MY,1594939120,83,1.55,110.33,84.2,1.5
463,Shelburne,90,CA,1594893170,94,44.08,-80.2,71.6,1.5
464,Dubbo,0,AU,1594933425,66,-32.25,148.62,53.6,4.6
465,Tortolì,5,IT,1594958816,64,39.93,9.66,69.80000000000001,5.1
466,Esso,100,RU,1594919000,58,55.93,158.7,68.05400000000006,0.75
467,Laguna,1,US,1594904100,37,38.42,-121.42,87.80000000000001,6.2
468,Gijang,40,KR,1594930860,57,35.24,129.21,77.0,3.1
469,Kinkala,0,CG,1594962606,82,-4.36,14.76,68.342,2.84
470,Pavino,26,RU,1594944665,97,59.11,46.14,55.814000000000036,2.12
471,Inhambane,79,MZ,1594959593,77,-23.86,35.38,64.76000000000008,5.13
472,Segezha,100,RU,1594944533,84,63.74,34.32,49.29800000000003,3.92
473,Makakilo City,20,US,1594915170,62,21.35,-158.09,89.6,5.1
474,Japura,30,ID,1594941209,81,-0.32,102.35,80.56400000000004,1.37
475,Umba,0,RU,1594941046,70,66.69,34.34,50.72000000000006,0.91
476,Bay-Khaak,77,RU,1594935985,37,51.17,94.5,62.042,0.99
477,Ribas do Rio Pardo,2,BR,1594894227,45,-20.44,-53.76,69.89000000000001,1.98
478,Margate,98,GB,1594958291,75,51.38,1.39,64.99400000000009,0.45
479,Pasir Gudang,40,MY,1594940676,79,1.46,103.88,84.2,1.0
480,Vyazemskiy,20,RU,1594927251,64,47.54,134.75,83.33600000000007,3.7
481,Kumul,34,CN,1594938174,24,42.8,93.45,83.51600000000002,5.09
482,Kholodnyy,99,RU,1594918022,49,62.72,147.95,67.94600000000005,4.29
483,Itoman,75,JP,1594932444,94,26.12,127.67,78.80000000000001,4.6
484,Oranjemund,0,NA,1594964679,29,-28.55,16.43,64.07600000000009,7.4
485,Payo,69,ID,1594941218,86,-3.75,103.64,79.34000000000003,0.57
486,São José da Coroa Grande,71,BR,1594888612,78,-8.9,-35.15,74.93000000000004,4.55
487,Doka,98,SD,1594955872,91,13.52,35.77,70.43000000000004,5.54
488,Verkhnevilyuysk,100,RU,1594924096,75,63.45,120.32,63.41000000000008,2.12
489,Dunedin,2,NZ,1594930359,71,-45.87,170.5,42.008,18.78
490,Quatre Cocos,20,MU,1594953830,77,-20.21,57.76,69.80000000000001,3.1
491,Salalah,75,OM,1594951119,88,17.02,54.09,82.4,2.6
492,Coyhaique,90,CL,1594902132,91,-45.58,-72.07,32.0,2.1
493,Khombole,97,SN,1594968342,83,14.77,-16.7,77.0,2.6
494,Usinsk,100,RU,1594936544,68,65.99,57.53,52.39400000000008,5.45
495,Moussoro,100,TD,1594960488,66,13.64,16.49,80.56400000000004,5.88
496,Daru,90,PG,1594932221,80,-9.08,143.21,77.77400000000002,6.73
497,Misratah,0,LY,1594958671,81,32.38,15.09,77.18000000000004,3.1
498,Susa,0,IR,1594950738,23,32.19,48.24,85.85600000000002,4.59
499,Nyurba,100,RU,1594924712,93,63.28,118.33,57.02000000000007,2.45
500,Hosdurga,98,IN,1594946117,82,13.8,76.29,73.20200000000008,5.98
501,Bāwal,0,IN,1594944471,4,28.08,76.58,87.00800000000001,5.66
502,Wagga Wagga,0,AU,1594934114,81,-35.12,147.37,53.99600000000005,3.6
503,San Jose,1,US,1594904388,53,37.34,-121.89,75.00200000000008,6.7
504,Oga,75,IT,1594957376,100,46.46,10.35,51.8,0.5
505,Dawson Creek,40,CA,1594899586,46,55.77,-120.24,71.6,8.7
506,Maceió,20,BR,1594888827,78,-9.67,-35.74,73.4,2.1
507,Kautokeino,89,NO,0,78,69.01,23.04,54.266000000000005,1.03
508,Dalvik,90,IS,1594954880,87,65.97,-18.53,48.2,9.8
509,Ust-Kuyga,1,RU,0,50,70.02,135.6,57.21800000000009,5.17
510,Soc Trang,20,VN,1594939403,88,9.6,105.98,82.4,2.6
511,Beni Suef,0,EG,1594955265,78,29.07,31.1,67.85600000000002,3.59
512,Tommot,0,RU,1594925478,49,58.96,126.29,86.63000000000005,0.54
513,Kemisē,99,ET,1594955163,61,10.72,39.87,69.20600000000003,2.48
514,North Bend,90,US,1594903875,87,43.41,-124.22,62.99600000000005,8.2
515,Alamogordo,1,US,1594901226,19,32.9,-105.96,96.8,7.2
516,Solapur,100,IN,1594945810,89,17.68,75.92,72.95,3.64
517,Sarab,0,IR,1594950555,60,38.61,44.99,71.11400000000003,0.43
518,Assiut,0,EG,1594955482,56,27.18,31.18,72.10400000000006,4.2
519,Rexburg,1,US,1594900807,23,43.83,-111.79,84.2,4.6
520,Meschede,100,DE,1594956645,95,51.35,8.28,57.992,0.48
521,Lorengau,48,PG,1594930585,60,-2.02,147.27,86.39600000000004,0.93
522,Pangai,75,TO,1595009486,74,-19.8,-174.35,80.6,6.2
523,Basco,100,PH,1594934460,82,20.45,121.97,85.11800000000008,6.42
524,Baruun-Urt,100,MN,1594932606,77,46.68,113.28,65.10200000000009,5.08
525,Mgandu,64,TZ,1594958106,69,-5.95,34.13,49.964000000000034,4.54
526,Kokopo,45,PG,1594929605,77,-4.35,152.26,82.61600000000001,0.95
527,Traverse City,20,US,1594894332,73,44.76,-85.62,73.4,1.5
528,Ahipara,100,NZ,1594927931,92,-35.17,173.17,59.18000000000004,4.72
529,Três Passos,97,BR,1594895051,93,-27.46,-53.93,59.0,0.89
530,San Pedro de Macorís,75,DO,1594894168,88,18.46,-69.3,78.80000000000001,3.1
531,Ventspils,57,LV,1594951361,100,57.39,21.56,51.8,1.77
532,Coatesville,40,US,1594892887,83,39.98,-75.82,71.99600000000005,3.6
533,Rūdsar,0,IR,1594949519,73,37.14,50.29,75.2,1.0
534,Tygda,19,RU,1594927756,48,53.12,126.33,84.90200000000007,3.27
535,Nelson Bay,90,AU,1594932640,82,-32.72,152.15,57.2,7.7
536,Rodolfo Sánchez Taboada,1,MX,1594903937,78,31.72,-116.57,69.99800000000002,0.89
537,Mayo,1,US,1594893238,74,38.89,-76.51,80.00600000000003,4.6
538,Esim,37,GH,1594965829,91,4.87,-2.24,73.76000000000008,2.97
539,Newark,75,US,1594892357,68,40.74,-74.17,71.6,3.6
540,Bilibino,97,RU,0,77,68.05,166.44,53.11400000000003,1.35
541,Tarakan,83,ID,1594937204,78,3.3,117.63,79.28600000000007,1.29
542,Hurricane,1,US,1594902349,10,37.18,-113.29,102.2,5.7
543,Oranjestad,20,AW,1594894952,83,12.52,-70.03,82.4,8.2
544,Lubango,0,AO,1594963916,47,-14.92,13.49,47.87600000000009,4.5
